case,method,seed,goodput,rf,mission,failure,miscoverage,queue,max_queue,degree,idle,links,failed_links,served,handoffs,utility,alpha_state,reference_labels,energy_price,latency,margin_finite,infinite_margin,post_failure,post_goodput,post_miscoverage,p95_latency,jain,final_queue
stationary,A-GRCS,0,53.38019696524229,0.44466666666666665,78.8567934932003,0.008333333333333333,0.10833333333333334,2.6230066163094232,7.985414335296169,2.375,0.0,12.0,0.008333333333333333,0.4996527777777777,2.7333333333333334,11.420305030339698,0.24683333333333338,114.0,0.5,0.5844025666666667,2.934197167946953,0.0,0.016666666666666666,50.74009593726276,0.03333333333333333,0.8560737499999999,0.9744496571782876,4.132777955689562
stationary,Frozen-GRCS,0,51.97845225909681,0.38479166666666664,78.7969184932003,0.008333333333333333,0.125,2.8942391123655304,9.421427556390686,2.0,0.0,12.0,0.008333333333333333,0.4996527777777777,2.058333333333333,11.259734297334273,0.10000000000000002,96.0,0.5,0.22673891666666668,2.7903484170085213,0.0,0.0,49.29469365954886,0.03333333333333333,0.3061925,0.9596208559652124,4.833650308762303
stationary,Rolling-GRCS,0,51.763026834295914,0.38816666666666666,78.8002934932003,0.008333333333333333,0.11666666666666667,2.952571769791331,9.648278160459137,2.0,0.0,12.0,0.008333333333333333,0.4996527777777777,1.9416666666666667,11.272002484887079,0.10000000000000002,96.0,0.5,0.22062869166666665,2.8388401214824475,0.0,0.0,49.028908120410705,0.03333333333333333,0.2918489499999999,0.9571455360255026,4.941363021162748
stationary,ACI-d2,0,50.91990128059975,0.4028333333333333,78.81496015986696,0.016666666666666666,0.09166666666666666,3.2078989474161204,10.310789803990936,2.0,0.0,12.0,0.016666666666666666,0.49930555555555556,1.975,11.412451358651655,0.0743333333333334,96.0,0.5,0.25699542500000006,2.983235563391962,0.0,0.016666666666666666,48.14071348051006,0.03333333333333333,0.32406305,0.9482831656621169,5.362925798010832
stationary,ACI-Full,0,50.15753693187518,0.527625,78.93975182653364,0.0,0.075,3.644878599971107,9.099233828087643,6.0,0.0,12.0,0.0,0.5,2.9583333333333335,13.06979720012698,0.09766666666666675,288.0,0.5,0.2342249916666667,3.4196874713618888,0.0,0.0,48.7775271628625,0.016666666666666666,0.3206378,0.9689199563129418,5.744107972373123
stationary,Nominal,0,22.735361648351322,0.5974999999999999,79.00962682653362,1.0,1.0,10.661764493160048,16.782291799458257,2.0,0.0,12.0,9.8,0.09166666666666666,0.9583333333333334,11.117458939720837,0.10000000000000002,96.0,0.5,0.20013260833333335,0.0,0.0,1.0,21.755419483509364,1.0,0.2507521999999998,0.6750650544778934,19.455195614135047
stationary,PF-Power,0,49.99354516683905,0.365875,78.77800182653364,0.016666666666666666,0.09166666666666666,3.4674035447792653,10.323404272754168,2.0,0.0,12.0,0.016666666666666666,0.49930555555555556,1.425,11.319086156046584,0.0743333333333334,96.0,0.5,0.21893971666666664,2.983235563391962,0.0,0.016666666666666666,47.24957626019989,0.03333333333333333,0.32605084999999995,0.9332293016112969,5.826103854891184
stationary,DDQN-Match,0,47.67095416692754,0.44212500000000005,78.85425182653361,0.0,0.06666666666666667,3.676904645184995,9.96192067500382,2.941666666666667,0.0,11.9,0.0,0.49583333333333335,2.216666666666667,11.04571374199588,0.10000000000000002,141.2,0.5,0.3761155,3.4583333333333335,0.0,0.0,42.810528775409466,0.0,0.5180795999999999,0.9314317354776758,6.987399354846938
stationary,Oracle,0,60.76720475757906,0.24633333333333335,78.65846015986696,0.0,1.0,0.5734272901114111,1.7213541207807082,2.0,0.0,12.0,0.0,0.5,1.875,8.334010942430348,0.10000000000000002,96.0,0.5,0.23942795000000003,0.0,0.0,0.0,57.91386139577303,1.0,0.35037169999999995,0.9992696318146342,0.43927405952117987
stationary,A-GRCS,1,50.45873931870486,0.47662499999999997,78.88875182653364,0.008333333333333333,0.10833333333333334,3.6989177767539476,9.126105261055375,2.95,0.0,11.475,0.008333333333333333,0.47777777777777775,2.441666666666667,13.635322288804911,0.3278333333333334,141.6,0.5,0.5473583000000001,2.986087106164857,0.0,0.0,50.16368219706963,0.16666666666666666,0.7730925,0.9729012827763587,5.4921687743898575
stationary,Frozen-GRCS,1,48.73439383850445,0.43512500000000004,78.84725182653362,0.016666666666666666,0.10833333333333334,4.078167407927666,10.116829170171751,2.0,0.0,10.966666666666667,0.016666666666666666,0.4562499999999999,1.0333333333333334,13.928599989965042,0.10000000000000002,96.0,0.5,0.21520044999999996,2.9020912171595064,0.0,0.03333333333333333,48.01855088474035,0.18333333333333332,0.32863044999999996,0.9661274751140275,6.354341514490066
stationary,Rolling-GRCS,1,49.08644597678842,0.43524999999999997,78.84737682653362,0.008333333333333333,0.11666666666666667,4.009389500629614,10.008822047611053,2.0,0.0,10.966666666666667,0.008333333333333333,0.45659722222222215,0.95,13.943338061977174,0.10000000000000002,96.0,0.5,0.23098253333333335,2.8710935060662917,0.0,0.016666666666666666,48.54877708479324,0.2,0.37636964999999983,0.9683127846638815,6.178315445348079
stationary,ACI-d2,1,49.25832593562208,0.43624999999999997,78.84837682653364,0.008333333333333333,0.10833333333333334,3.920397800814612,9.891455675836486,2.0,0.0,10.966666666666667,0.008333333333333333,0.45659722222222215,1.0083333333333333,13.742010993170345,0.11066666666666673,96.0,0.5,0.21757755000000004,2.8626516683497822,0.0,0.016666666666666666,48.65782536533688,0.16666666666666666,0.32126484999999994,0.9679808648106663,6.092375465931248
stationary,ACI-Full,1,48.188299749674634,0.5439166666666666,78.9560434932003,0.025,0.11666666666666667,4.024933956482338,9.373311589879416,6.0,0.0,12.0,0.025,0.49895833333333334,3.2916666666666665,13.006693058434758,0.07066666666666674,288.0,0.5,0.22011709166666668,3.467216611030459,0.0,0.05,46.31134735119329,0.11666666666666667,0.30149505,0.9546953118645329,6.627388558904973
stationary,Nominal,1,24.402801714207197,0.46199999999999997,78.87412682653363,1.0,1.0,10.113464344615181,16.36719679568962,2.0,0.0,11.0,6.783333333333333,0.17569444444444446,0.48333333333333334,11.058913029497486,0.10000000000000002,96.0,0.5,0.2003433166666667,0.0,0.0,1.0,23.330462631474212,1.0,0.30552034999999994,0.6851164578930148,18.52013757663869
stationary,PF-Power,1,48.01983004371846,0.3877083333333333,78.79983515986694,0.016666666666666666,0.10833333333333334,4.216730445076245,10.29026681815222,2.0,0.0,10.925,0.016666666666666666,0.45451388888888883,0.8833333333333333,12.822079785023364,0.11066666666666673,96.0,0.5,0.22921539166666668,2.8626516683497822,0.0,0.03333333333333333,46.91782026174652,0.16666666666666666,0.37194394999999997,0.9289250616816906,6.711623411883057
stationary,DDQN-Match,1,46.311200746912874,0.40595833333333337,78.81808515986697,0.0,0.05,4.631006609905799,10.697107415036584,1.7583333333333333,0.0,10.308333333333334,0.0,0.4295138888888888,0.95,14.127034261680103,0.10000000000000002,84.4,0.5,0.36978153333333336,3.0,0.0,0.0,45.594350080326876,0.1,0.5365796500000001,0.9528860877419263,7.565938060285852
stationary,Oracle,1,60.55884243477463,0.3081666666666667,78.72029349320029,0.0,1.0,0.6292368678318139,1.5262892548543414,2.0,0.0,11.0,0.0,0.4583333333333332,1.05,8.553984338515471,0.10000000000000002,96.0,0.5,0.21260094166666665,0.0,0.0,0.0,57.522661699058276,1.0,0.3728116,0.9995880783601062,0.4421172163549751
abrupt,A-GRCS,0,50.18436364446652,0.4790416666666667,78.89116849320028,0.008333333333333333,0.20833333333333334,3.0526549754541614,7.9826103431601245,3.1,0.0,12.0,0.008333333333333333,0.4996527777777778,2.7416666666666667,11.305528042361807,0.14333333333333342,148.8,0.5,0.5173805416666666,3.4765336969264857,0.0,0.0,44.68485588951257,0.11666666666666667,0.6513363,0.9665415558754903,5.7306946160774475
abrupt,Frozen-GRCS,0,52.580281364139665,0.3797083333333333,78.79183515986696,0.14166666666666666,0.5,2.8212868633834605,8.679271412358904,2.0,0.0,12.0,0.15,0.49375,2.1416666666666666,11.478461635834064,0.10000000000000002,96.0,0.5,0.20716900833333335,2.7903484170085213,0.0,0.15,50.46815394686193,0.6,0.31161379999999994,0.9657358470102047,4.532735756240872
abrupt,Rolling-GRCS,0,50.97747529142494,0.40549999999999997,78.81762682653363,0.05,0.26666666666666666,3.0488258326833186,9.29397167945319,2.0,0.0,12.0,0.05,0.4979166666666667,1.8833333333333333,11.096311680398896,0.10000000000000002,96.0,0.5,0.21511113333333334,3.1172076697865863,0.0,0.016666666666666666,47.60776039367052,0.2,0.30817085,0.9515262242940319,5.334138792598239
abrupt,ACI-d2,0,46.29331316553354,0.401125,78.81325182653363,0.008333333333333333,0.11666666666666667,4.340067424274479,11.328678606616787,2.0,0.09166666666666666,10.9,0.008333333333333333,0.4538194444444444,1.8166666666666667,11.693154404101433,0.05150000000000006,96.0,0.5,0.20926443333333336,3.539510910433669,0.09166666666666666,0.0,44.035974169950215,0.05,0.30562019999999995,0.9068980230638768,7.676219855543938
abrupt,ACI-Full,0,41.697898375633784,0.5035416666666667,78.9156684932003,0.03333333333333333,0.11666666666666667,5.028475007785259,10.94791815544104,6.0,0.05,11.4,0.05,0.47291666666666665,2.675,10.738196718664085,0.049166666666666727,288.0,0.5,0.218529125,4.3101982433079,0.05,0.0,35.72275080639047,0.05,0.3035713,0.877998180156717,9.973927250493817
abrupt,Nominal,0,20.160255092874884,0.5974999999999999,79.00962682653362,1.0,1.0,11.096981844719073,16.873301465455896,2.0,0.0,12.0,10.075,0.08020833333333334,1.3166666666666667,9.461536708374089,0.10000000000000002,96.0,0.5,0.20183226666666665,0.0,0.0,1.0,17.328108172418062,1.0,0.32184379999999996,0.6218791768806464,20.742748891873266
abrupt,PF-Power,0,45.13276667366196,0.361,78.77312682653363,0.008333333333333333,0.11666666666666667,4.581275952648375,11.137661450616394,2.0,0.09166666666666666,10.9,0.008333333333333333,0.4538194444444444,1.2583333333333333,11.422080271104733,0.05150000000000006,96.0,0.5,0.20973804166666668,3.539510910433669,0.09166666666666666,0.0,42.45997667628704,0.05,0.27063025,0.8912831403774171,8.256493101479734
abrupt,DDQN-Match,0,50.113296622991086,0.4394166666666667,78.8515434932003,0.041666666666666664,0.275,3.2234246349613955,9.045046625867398,2.75,0.0,11.958333333333334,0.041666666666666664,0.4965277777777778,2.691666666666667,11.468386243900612,0.10000000000000002,132.0,0.5,0.35053389166666665,3.3333333333333335,0.0,0.03333333333333333,46.33270426797849,0.23333333333333334,0.43239685,0.9571587709407383,5.766228126815171
abrupt,Oracle,0,60.76720475757906,0.24633333333333335,78.65846015986696,0.0,1.0,0.5734272901114111,1.7213541207807082,2.0,0.0,12.0,0.0,0.5,1.875,8.334010942430348,0.10000000000000002,96.0,0.5,0.202923075,0.0,0.0,0.0,57.91386139577303,1.0,0.3076505,0.9992696318146342,0.43927405952117987
abrupt,A-GRCS,1,44.17303915841096,0.38970833333333343,78.80183515986695,0.09166666666666666,0.21666666666666667,4.3300159429413245,10.051196396355614,2.075,0.025,9.8,0.09166666666666666,0.4045138888888888,1.5916666666666666,11.222273408759934,0.1703333333333334,99.6,0.5,0.5273623500000001,3.531863255901194,0.025,0.1,37.692912922206936,0.23333333333333334,0.7183893,0.9155432149025144,8.635018854536812
abrupt,Frozen-GRCS,1,49.6868201126725,0.43454166666666666,78.84666849320028,0.18333333333333332,0.43333333333333335,3.8798218880169353,9.476355319823512,2.0,0.0,10.941666666666666,0.3,0.44340277777777776,1.1166666666666667,14.02501608222135,0.10000000000000002,96.0,0.5,0.21405495833333335,2.9020912171595064,0.0,0.3333333333333333,49.086961893731186,0.6666666666666666,0.3319496999999999,0.9750325466358577,5.87812837740604
abrupt,Rolling-GRCS,1,48.366963546137214,0.43370833333333336,78.84583515986697,0.10833333333333334,0.31666666666666665,4.039136031667204,9.888846621470714,2.0,0.0,10.933333333333334,0.11666666666666667,0.4506944444444444,1.1166666666666667,13.54074392205892,0.10000000000000002,96.0,0.5,0.22270065,3.1518169179315754,0.0,0.18333333333333332,46.59223432022531,0.45,0.29733129999999997,0.9622215925556847,6.538056660673681
abrupt,ACI-d2,1,42.65094874442717,0.4042083333333333,78.81633515986695,0.008333333333333333,0.13333333333333333,4.895737905709,11.068942180668284,2.0,0.075,10.116666666666667,0.008333333333333333,0.4211805555555555,0.825,11.709204552343389,0.05133333333333341,96.0,0.5,0.21851691666666667,3.638552152171719,0.075,0.0,36.070337806997415,0.11666666666666667,0.3001047,0.8996382948268995,9.396064061528705
abrupt,ACI-Full,1,40.070533523641025,0.49162500000000003,78.90375182653362,0.05,0.125,5.3064806516956855,10.882562076205305,6.0,0.09166666666666666,10.891666666666667,0.06666666666666667,0.4510416666666667,2.7583333333333333,10.372578493613078,0.04250000000000006,288.0,0.5,0.21912146666666665,4.456613394353315,0.09166666666666666,0.05,33.30399798862221,0.08333333333333333,0.32080634999999996,0.8588855227504151,10.686271671921778
abrupt,Nominal,1,19.39878073310712,0.46204166666666663,78.87416849320029,1.0,1.0,10.996323178946483,17.18302901772969,2.0,0.0,11.0,7.333333333333333,0.1527777777777778,0.6833333333333333,7.720165401255957,0.10000000000000002,96.0,0.5,0.20386440833333333,0.0,0.0,1.0,16.218438524993598,1.0,0.28179079999999995,0.5580189407852442,21.022148067188727
abrupt,PF-Power,1,41.76320897242737,0.3762083333333333,78.78833515986695,0.008333333333333333,0.13333333333333333,5.128776568842767,11.202088782473032,2.0,0.075,9.991666666666667,0.008333333333333333,0.41597222222222213,0.8583333333333333,11.177633545565074,0.05133333333333341,96.0,0.5,0.21932845833333334,3.638552152171719,0.075,0.0,35.35043944907508,0.11666666666666667,0.29294004999999995,0.8728933685574468,9.839933947528603
abrupt,DDQN-Match,1,46.811538293899325,0.3930416666666667,78.80516849320028,0.1,0.325,4.536736750849671,10.09189781026752,1.6833333333333333,0.0,10.058333333333334,0.125,0.41388888888888886,0.9166666666666666,14.353767319772926,0.10000000000000002,80.8,0.5,0.35836076666666666,3.0,0.0,0.2,45.942669510086105,0.5833333333333334,0.4439132499999999,0.9614931095874459,7.315769286792624
abrupt,Oracle,1,60.55884243477463,0.3081666666666667,78.72029349320029,0.0,1.0,0.6292368678318139,1.5262892548543414,2.0,0.0,11.0,0.0,0.4583333333333332,1.05,8.553984338515471,0.10000000000000002,96.0,0.5,0.21353893333333332,0.0,0.0,0.0,57.522661699058276,1.0,0.3305321,0.9995880783601062,0.4421172163549751
